abschlussDe;ausbildungskategorie;ausbildungsstaetteDe;Bildungsrichtung (Optional)
Bachelor;UNIVERSITAET_ETH;Universität Bern;
Master;UNIVERSITAET_ETH;Universität Bern;
Bachelor;UNIVERSITAET_ETH;Universität Basel;
Master;UNIVERSITAET_ETH;Universität Basel;
Bachelor;UNIVERSITAET_ETH;Universität Freiburg;
Master;UNIVERSITAET_ETH;Universität Freiburg;
Bachelor;UNIVERSITAET_ETH;Universität Genf;
Master;UNIVERSITAET_ETH;Universität Genf;
Bachelor;UNIVERSITAET_ETH;Universität Lausanne;
Master;UNIVERSITAET_ETH;Universität Lausanne;
Bachelor;UNIVERSITAET_ETH;Universität Luzern;
Master;UNIVERSITAET_ETH;Universität Luzern;
Bachelor;UNIVERSITAET_ETH;Universität Neuenburg;
Master;UNIVERSITAET_ETH;Universität Neuenburg;
Bachelor;UNIVERSITAET_ETH;Universität St. Gallen;
Master;UNIVERSITAET_ETH;Universität St. Gallen;
Bachelor;UNIVERSITAET_ETH;Universität Zürich;
Master;UNIVERSITAET_ETH;Universität Zürich;
Bachelor;UNIVERSITAET_ETH;Università della Svizzera italiana;
Master;UNIVERSITAET_ETH;Università della Svizzera italiana;
Bachelor;UNIVERSITAET_ETH;Universitäre Fernstudien Schweiz (FernUni);
Master;UNIVERSITAET_ETH;Universitäre Fernstudien Schweiz (FernUni);
Bachelor;UNIVERSITAET_ETH;ETH Lausanne;
Master;UNIVERSITAET_ETH;ETH Lausanne;
Bachelor;UNIVERSITAET_ETH;ETH Zürich;
Master;UNIVERSITAET_ETH;ETH Zürich;
Bachelor;FACHHOCHSCHULE;Berner Fachhochschule BFH;
Master;FACHHOCHSCHULE;Berner Fachhochschule BFH;
Bachelor;FACHHOCHSCHULE;Zürcher Hochschule der Künste ZHdK;
Master;FACHHOCHSCHULE;Zürcher Hochschule der Künste ZHdK;
Bachelor;FACHHOCHSCHULE;Zürcher Hochschule für angewandte Wissenschaften ZHAW;
Master;FACHHOCHSCHULE;Zürcher Hochschule für angewandte Wissenschaften ZHAW;
Bachelor;FACHHOCHSCHULE;Fachhochschule Nordwestschweiz FHNW;
Master;FACHHOCHSCHULE;Fachhochschule Nordwestschweiz FHNW;
Bachelor;FACHHOCHSCHULE;Fachhochschule Zentralschweiz (Hochschule Luzern HSLU);
Master;FACHHOCHSCHULE;Fachhochschule Zentralschweiz (Hochschule Luzern HSLU);
Bachelor;FACHHOCHSCHULE;Scuola Universitaria Professionale della Svizzera Italiana SUPSI;
Master;FACHHOCHSCHULE;Scuola Universitaria Professionale della Svizzera Italiana SUPSI;
Bachelor;FACHHOCHSCHULE;Ostschweizer Fachhochschule;
Master;FACHHOCHSCHULE;Ostschweizer Fachhochschule;
Bachelor;FACHHOCHSCHULE;Fachhochschule Graubünden FHGR;
Master;FACHHOCHSCHULE;Fachhochschule Graubünden FHGR;
Bachelor;FACHHOCHSCHULE;Kalaidos Fachhochschule;
Master;FACHHOCHSCHULE;Kalaidos Fachhochschule;
Bachelor;FACHHOCHSCHULE;Fachhochschule Westschweiz HES-SO;
Master;FACHHOCHSCHULE;Fachhochschule Westschweiz HES-SO;
Bachelor;PAEDAGOGISCHE_HOCHSCHULE;Interkantonale Hochschule für Heilpädagogik Zürich HfH;
Master;PAEDAGOGISCHE_HOCHSCHULE;Interkantonale Hochschule für Heilpädagogik Zürich HfH;
Bachelor;PAEDAGOGISCHE_HOCHSCHULE;Pädagogisches Hochschulinstitut NMS Bern PH NMS;
Master;PAEDAGOGISCHE_HOCHSCHULE;Pädagogisches Hochschulinstitut NMS Bern PH NMS;
Bachelor;PAEDAGOGISCHE_HOCHSCHULE;Pädagogische Hochschule Bern PH Bern;
Master;PAEDAGOGISCHE_HOCHSCHULE;Pädagogische Hochschule Bern PH Bern;
Bachelor;PAEDAGOGISCHE_HOCHSCHULE;Haute école pédagogique des cantons de Berne, du Jura et de Neuchâtel HEP-BEJUNE;
Master;PAEDAGOGISCHE_HOCHSCHULE;Haute école pédagogique des cantons de Berne, du Jura et de Neuchâtel HEP-BEJUNE;
Bachelor;PAEDAGOGISCHE_HOCHSCHULE;Haute école pédagogique du canton de Vaud HEP Vaud;
Master;PAEDAGOGISCHE_HOCHSCHULE;Haute école pédagogique du canton de Vaud HEP Vaud;
Bachelor;PAEDAGOGISCHE_HOCHSCHULE;Pädagogische Hochschule Wallis HEP-VS;
Master;PAEDAGOGISCHE_HOCHSCHULE;Pädagogische Hochschule Wallis HEP-VS;
Bachelor;PAEDAGOGISCHE_HOCHSCHULE;Pädagogische Hochschule Freiburg HEP PH FR;
Master;PAEDAGOGISCHE_HOCHSCHULE;Pädagogische Hochschule Freiburg HEP PH FR;
Bachelor;PAEDAGOGISCHE_HOCHSCHULE;Pädagogische Hochschule Graubünden PHGR;
Master;PAEDAGOGISCHE_HOCHSCHULE;Pädagogische Hochschule Graubünden PHGR;
Bachelor;PAEDAGOGISCHE_HOCHSCHULE;Pädagogische Hochschule Luzern PH Luzern;
Master;PAEDAGOGISCHE_HOCHSCHULE;Pädagogische Hochschule Luzern PH Luzern;
Bachelor;PAEDAGOGISCHE_HOCHSCHULE;Pädagogische Hochschule Nordwestschweiz PH FHNW;
Master;PAEDAGOGISCHE_HOCHSCHULE;Pädagogische Hochschule Nordwestschweiz PH FHNW;
Bachelor;PAEDAGOGISCHE_HOCHSCHULE;Pädagogische Hochschule St. Gallen PHSG;
Master;PAEDAGOGISCHE_HOCHSCHULE;Pädagogische Hochschule St. Gallen PHSG;
Bachelor;PAEDAGOGISCHE_HOCHSCHULE;Pädagogische Hochschule Schaffhausen PHSH;
Master;PAEDAGOGISCHE_HOCHSCHULE;Pädagogische Hochschule Schaffhausen PHSH;
Bachelor;PAEDAGOGISCHE_HOCHSCHULE;Pädagogische Hochschule Schwyz PHSZ;
Master;PAEDAGOGISCHE_HOCHSCHULE;Pädagogische Hochschule Schwyz PHSZ;
Bachelor;PAEDAGOGISCHE_HOCHSCHULE;Pädagogische Hochschule Thurgau PHTG;
Master;PAEDAGOGISCHE_HOCHSCHULE;Pädagogische Hochschule Thurgau PHTG;
Bachelor;PAEDAGOGISCHE_HOCHSCHULE;Pädagogische Hochschule Zürich PH Zürich;
Master;PAEDAGOGISCHE_HOCHSCHULE;Pädagogische Hochschule Zürich PH Zürich;
Bachelor;PAEDAGOGISCHE_HOCHSCHULE;Pädagogische Hochschule Zug PH Zug;
Master;PAEDAGOGISCHE_HOCHSCHULE;Pädagogische Hochschule Zug PH Zug;
Bachelor;PAEDAGOGISCHE_HOCHSCHULE;Hochschule für Logopädie Ostschweiz hlo;
Master;PAEDAGOGISCHE_HOCHSCHULE;Hochschule für Logopädie Ostschweiz hlo;
Bachelor;PAEDAGOGISCHE_HOCHSCHULE;SUPSI - Dipartimento formazione e apprendimento SUPSI-DFA;
Master;PAEDAGOGISCHE_HOCHSCHULE;SUPSI - Dipartimento formazione e apprendimento SUPSI-DFA;
Bachelor;FACHHOCHSCHULE;La Cambre École Nat. Sup. des Arts Visuels;
Master;UNIVERSITAET_ETH;Ankara Yildirim Beyazit University;
Bachelor;UNIVERSITAET_ETH;Medizinische Universität - Sofia;
Master;UNIVERSITAET_ETH;Medizinische Universität - Sofia;
Master;UNIVERSITAET_ETH;Goethe-Universität Frankfurt am Main;
Bachelor;UNIVERSITAET_ETH;The Open University;
Bachelor;UNIVERSITAET_ETH;Vysoka skola kreativni komunikace, s.r.o. Praha;
Bachelor;UNIVERSITAET_ETH;Universität Wien;
Master;UNIVERSITAET_ETH;Universität Wien;
Bachelor;UNIVERSITAET_ETH;Universitatea de Medicinã si Farmacie, Timisoara;
Bachelor;UNIVERSITAET_ETH;Karlsruher Institut für Technologie KIT;
Master;UNIVERSITAET_ETH;Karlsruher Institut für Technologie KIT;
Bachelor;UNIVERSITAET_ETH;Technische Universität Wien;
Master;UNIVERSITAET_ETH;Technische Universität Wien;
Bachelor;UNIVERSITAET_ETH;Royal College of Art, London;
Master;UNIVERSITAET_ETH;Royal College of Art, London;
Bachelor;FACHHOCHSCHULE;Trinity Laban Conservatoire of Music and Dance;
Bachelor;UNIVERSITAET_ETH;Kolleg AAB Pristina;
Bachelor;UNIVERSITAET_ETH;Universität Kore Enna;
Master;UNIVERSITAET_ETH;Universität Kore Enna;
Bachelor;UNIVERSITAET_ETH;Felician University of New Jersey;
Master;UNIVERSITAET_ETH;Felician University of New Jersey;
Bachelor;FACHHOCHSCHULE;JMC Academy;
Bachelor;FACHHOCHSCHULE;ESDI Escola sup.de Disseny Universitat Ramon Llull;
Bachelor;UNIVERSITAET_ETH;Technische Universität Darmstadt;
Master;UNIVERSITAET_ETH;Technische Universität Darmstadt;
Eidg. Fähigkeitszeugnis EFZ (dual Schule-Lehrbetrieb);BERUFSFACHSCHULEN_UEBERBETRIEBLICHE_KURSE;GiBB Bern;
10. Schuljahr;BRUECKENANGEBOT;Haarakademie;BERUFLICHE_GRUNDBILDUNG
Gymnasiale Maturität (ohne GYM1 im 9. Schuljahr);GYMNASIUM;Freies Gymnasium Zürich;
Anschlussklasse für Mittelschule;BRUECKENANGEBOT;GiBB Bern;ALLGEMEINBILDENDE_SCHULE
Vorbereitungskurse für HF-Lehrgänge;BRUECKENANGEBOT;Scuola Universitaria Professionale della Svizzera Italiana SUPSI;HOEHERE_BERUFSBILDUNG
Passerelle Fachhochschule (FH);BRUECKENANGEBOT;Berner Fachhochschule BFH;HOCHSCHULE
10. Schuljahr;BRUECKENANGEBOT;Haarakademie;BERUFLICHE_GRUNDBILDUNG
Diplom HF;HOEHERE_FACHSCHULE;Agogis;
Gymnasiale Maturität (ohne GYM1 im 9. Schuljahr);GYMNASIUM;AKAD College;
Passerelle Berufsmaturität/Fachmaturität – universitäre Hochschulen;BRUECKENANGEBOT;AKAD College;HOCHSCHULE
Berufsmaturität 2;BERUFSFACHSCHULEN;AKAD College;
Diplom HF;HOEHERE_FACHSCHULE;ARPIH centre romand de formation sociale;
Berufsvorbereitendes Schuljahr;BRUECKENANGEBOT;BBZ Biel;BERUFLICHE_GRUNDBILDUNG
Eidg. Berufsattest EBA (Vollzeitschule);BERUFSFACHSCHULEN;BBZ Biel;
Eidg. Fähigkeitszeugnis EFZ (Vollzeitschule);BERUFSFACHSCHULEN;BBZ Biel;
Berufsmaturität 2;BERUFSFACHSCHULEN;BBZ Biel;
Eidg. Fähigkeitszeugnis EFZ (dual Schule-Lehrbetrieb);BETRIEBE;BBZ Biel;
Eidg. Berufsattest EBA (dual Schule-Lehrbetrieb);BETRIEBE;BBZ Biel;
Berufsvorbereitendes Schuljahr;BRUECKENANGEBOT;BBZ Olten;BERUFLICHE_GRUNDBILDUNG
Berufsmaturität 2;BERUFSFACHSCHULEN;BBZ Olten;
Diplom HF;HOEHERE_FACHSCHULE;BBZ Olten;
Diplom HF;HOEHERE_FACHSCHULE;Berner Bildungszentrum Pflege;
Gymnasiale Maturität (ohne GYM1 im 9. Schuljahr);GYMNASIUM;Berner Maturitätsschule für Erwachsene BME;
Passerelle Berufsmaturität/Fachmaturität – universitäre Hochschulen;BRUECKENANGEBOT;Berner Maturitätsschule für Erwachsene BME;HOCHSCHULE
Berufsvorbereitendes Schuljahr;BRUECKENANGEBOT;Berufsbildungszentrum IDM;BERUFLICHE_GRUNDBILDUNG
Vorlehre;BRUECKENANGEBOT;Berufsbildungszentrum IDM;BERUFLICHE_GRUNDBILDUNG
Eidg. Berufsattest EBA (Vollzeitschule);BERUFSFACHSCHULEN;Berufsbildungszentrum IDM;
Eidg. Fähigkeitszeugnis EFZ (Vollzeitschule);BERUFSFACHSCHULEN;Berufsbildungszentrum IDM;
Berufsmaturität 2;BERUFSFACHSCHULEN;Berufsbildungszentrum IDM;
Eidg. Fähigkeitszeugnis EFZ (dual Schule-Lehrbetrieb);BERUFSFACHSCHULEN;Berufsbildungszentrum IDM;
Eidg. Berufsattest EBA (dual Schule-Lehrbetrieb);BERUFSFACHSCHULEN;Berufsbildungszentrum IDM;
Vorlehre 25 Plus;BRUECKENANGEBOT;Berufsbildungszentrum IDM;BERUFLICHE_GRUNDBILDUNG
Berufsvorbereitendes Schuljahr;BRUECKENANGEBOT;Berufsfachschule Langenthal;BERUFLICHE_GRUNDBILDUNG
Berufsmaturität 2;BERUFSFACHSCHULEN;Berufsfachschule Langenthal;
Eidg. Fähigkeitszeugnis EFZ (dual Schule-Lehrbetrieb);BETRIEBE;Berufsfachschule Langenthal;
Eidg. Berufsattest EBA (dual Schule-Lehrbetrieb);BETRIEBE;Berufsfachschule Langenthal;
Berufsvorbereitendes Schuljahr;BERUFSFACHSCHULEN;Bildungszentrum Emme;
Eidg. Fachausweis (Berufsprüfung BP);BERUFSPRUEFUNG;Bildungszentrum Emme;
Eidg. Fähigkeitszeugnis EFZ (dual Schule-Lehrbetrieb);BETRIEBE;Bildungszentrum Emme;
Eidg. Berufsattest EBA (dual Schule-Lehrbetrieb);BETRIEBE;Bildungszentrum Emme;
Berufsmaturität 2;BERUFSFACHSCHULEN;Berufsfachschule Oberwallis;
Eidg. Fähigkeitszeugnis EFZ (dual Schule-Lehrbetrieb);BETRIEBE;BFB Bildung Formation Biel;
Eidg. Berufsattest EBA (dual Schule-Lehrbetrieb);BETRIEBE;BFB Bildung Formation Biel;
Eidg. Berufsattest EBA (Vollzeitschule);BERUFSFACHSCHULEN;BFB Bildung Formation Biel;
Eidg. Fähigkeitszeugnis EFZ (Vollzeitschule);BERUFSFACHSCHULEN;BFB Bildung Formation Biel;
Berufsmaturität 2;BERUFSFACHSCHULEN;BFB Bildung Formation Biel;
Eidg. Fachausweis (Berufsprüfung BP);BERUFSPRUEFUNG;BFB Bildung Formation Biel;
Berufsvorbereitendes Schuljahr;BRUECKENANGEBOT;BFF Bern;BERUFLICHE_GRUNDBILDUNG
Vorlehre 25 Plus;BRUECKENANGEBOT;BFF Bern;
Diplom HF;HOEHERE_FACHSCHULE;BFF Bern;
Eidg. Fähigkeitszeugnis EFZ (Vollzeitschule);BERUFSFACHSCHULEN;BFF Bern;
Eidg. Berufsattest EBA (Vollzeitschule);BERUFSFACHSCHULEN;BFF Bern;
Eidg. Fähigkeitszeugnis EFZ (dual Schule-Lehrbetrieb);BETRIEBE;BFF Bern;
Eidg. Berufsattest EBA (dual Schule-Lehrbetrieb);BETRIEBE;BFF Bern;
Passerelle Fachhochschule (FH);BRUECKENANGEBOT;Berner Fachhochschule BFH;HOCHSCHULE
Vorstudienpraktikum;BRUECKENANGEBOT;Berner Fachhochschule BFH;HOCHSCHULE
Berufsvorbereitendes Schuljahr;BRUECKENANGEBOT;BiCT Der Berufsbildner;BERUFLICHE_GRUNDBILDUNG
Eidg. Fähigkeitszeugnis EFZ (Vollzeitschule);BERUFSFACHSCHULEN;BiCT Der Berufsbildner;
Eidg. Fähigkeitszeugnis EFZ (Vollzeitschule);BERUFSFACHSCHULEN;Bénédict-Schule;
Berufsvorbereitendes Schuljahr;BRUECKENANGEBOT;bsd. Berufsfachschule des Detailhandels Bern;BERUFLICHE_GRUNDBILDUNG
Eidg. Fachausweis (Berufsprüfung BP);BERUFSPRUEFUNG;bsd. Berufsfachschule des Detailhandels Bern;
Eidg. Fähigkeitszeugnis EFZ (Vollzeitschule);BERUFSFACHSCHULEN;bwd Bildungszentrum für Wirtschaft und Dienstleistung;
Berufsmaturität 2;BERUFSFACHSCHULEN;bwd Bildungszentrum für Wirtschaft und Dienstleistung;
Eidg. Fähigkeitszeugnis EFZ (dual Schule-Lehrbetrieb);BETRIEBE;bwd Bildungszentrum für Wirtschaft und Dienstleistung;
Eidg. Berufsattest EBA (dual Schule-Lehrbetrieb);BETRIEBE;bwd Bildungszentrum für Wirtschaft und Dienstleistung;
Eidg. Fähigkeitszeugnis EFZ (dual Schule-Lehrbetrieb);BETRIEBE;BWZ Lyss Berufs- und Weiterbildungszentrum;
Eidg. Berufsattest EBA (dual Schule-Lehrbetrieb);BETRIEBE;BWZ Lyss Berufs- und Weiterbildungszentrum;
Eidg. Fachausweis (Berufsprüfung BP);BERUFSPRUEFUNG;BWZ Lyss Berufs- und Weiterbildungszentrum;
Berufsvorbereitendes Schuljahr;BRUECKENANGEBOT;Campus Muristalden Bern;BERUFLICHE_GRUNDBILDUNG
Gymnasiale Maturität (ohne GYM1 im 9. Schuljahr);GYMNASIUM;Campus Muristalden Bern;
Diplom HF;HOEHERE_FACHSCHULE;Careum Bildungszentrum;
Berufsvorbereitendes Schuljahr;BRUECKENANGEBOT;ceff – Centre de formation professionnelle Berne francophone;BERUFLICHE_GRUNDBILDUNG
Eidg. Fähigkeitszeugnis EFZ (Vollzeitschule);BERUFSFACHSCHULEN;ceff – Centre de formation professionnelle Berne francophone;
Eidg. Berufsattest EBA (Vollzeitschule);BERUFSFACHSCHULEN;ceff – Centre de formation professionnelle Berne francophone;
Eidg. Fähigkeitszeugnis EFZ (dual Schule-Lehrbetrieb);BETRIEBE;ceff – Centre de formation professionnelle Berne francophone;
Eidg. Berufsattest EBA (dual Schule-Lehrbetrieb);BETRIEBE;ceff – Centre de formation professionnelle Berne francophone;
Berufsmaturität 2;BERUFSFACHSCHULEN;ceff – Centre de formation professionnelle Berne francophone;
Diplom HF;HOEHERE_FACHSCHULE;ceff – Centre de formation professionnelle Berne francophone;
Eidg. Fachausweis (Berufsprüfung BP);BERUFSPRUEFUNG;ceff – Centre de formation professionnelle Berne francophone;
Berufsmaturität 2;BERUFSFACHSCHULEN;CEJEF - Division commerciale;
Diplom HF;HOEHERE_FACHSCHULE;CEJEF - Division commerciale;
Eidg. Berufsattest EBA (Vollzeitschule);BERUFSFACHSCHULEN;CEJEF - Division commerciale;
Eidg. Fähigkeitszeugnis EFZ (Vollzeitschule);BERUFSFACHSCHULEN;CEJEF - Division commerciale;
Fachmaturität;FACHMITTELSCHULE;CEJEF - Division santé-social-arts;
Berufsmaturität 2;BERUFSFACHSCHULEN;CEJEF - Division santé-social-arts;
Eidg. Berufsattest EBA (Vollzeitschule);BERUFSFACHSCHULEN;CEJEF - Division technique;
Eidg. Fähigkeitszeugnis EFZ (Vollzeitschule);BERUFSFACHSCHULEN;CEJEF - Division technique;
Eidg. Fähigkeitszeugnis EFZ (dual Schule-Lehrbetrieb);BETRIEBE;CEJEF - Division technique;
Eidg. Berufsattest EBA (dual Schule-Lehrbetrieb);BETRIEBE;CEJEF - Division technique;
Berufsmaturität 2;BERUFSFACHSCHULEN;CEJEF - Division technique;
Diplom HF;HOEHERE_FACHSCHULE;CEJEF - Division technique;
Passerelle Berufsmaturität/Fachmaturität – universitäre Hochschulen;BRUECKENANGEBOT;Centre de Formation et de Placement;HOCHSCHULE
Gymnasiale Maturität (ohne GYM1 im 9. Schuljahr);GYMNASIUM;Gymnasium Biel Seeland;
Berufsvorbereitendes Schuljahr;BRUECKENANGEBOT;Didac Bern;BERUFLICHE_GRUNDBILDUNG
10. Schuljahr;BRUECKENANGEBOT;Didac Bern;BERUFLICHE_GRUNDBILDUNG
Eidg. Fähigkeitszeugnis EFZ (Vollzeitschule);BERUFSFACHSCHULEN;Didac Bern;
Eidg. Fähigkeitszeugnis EFZ (Vollzeitschule);BERUFSFACHSCHULEN;Fachhochschule Westschweiz HES-SO;
Berufsmaturität 2;BERUFSFACHSCHULEN;Fachhochschule Westschweiz HES-SO;
Passerelle Berufsmaturität/Fachmaturität – universitäre Hochschulen;BRUECKENANGEBOT;Ecole Prévôtoise Moutier;HOCHSCHULE
Berufsvorbereitendes Schuljahr;BRUECKENANGEBOT;Ecole Prévôtoise Moutier;BERUFLICHE_GRUNDBILDUNG
Vorlehre;BRUECKENANGEBOT;CEPV Centre d'enseignement professionnel de Vevey;BERUFLICHE_GRUNDBILDUNG
Eidg. Fähigkeitszeugnis EFZ (Vollzeitschule);BERUFSFACHSCHULEN;CEPV Centre d'enseignement professionnel de Vevey;
Berufsmaturität 2;BERUFSFACHSCHULEN;CEPV Centre d'enseignement professionnel de Vevey;
Diplom HF;HOEHERE_FACHSCHULE;CEPV Centre d'enseignement professionnel de Vevey;
Eidg. Fähigkeitszeugnis EFZ (Vollzeitschule);BERUFSFACHSCHULEN;CFP Arts, Genf;
Eidg. Berufsattest EBA (Vollzeitschule);BERUFSFACHSCHULEN;CFP Arts, Genf;
Eidg. Fähigkeitszeugnis EFZ (dual Schule-Lehrbetrieb);BETRIEBE;CFP Arts, Genf;
Eidg. Berufsattest EBA (dual Schule-Lehrbetrieb);BETRIEBE;CFP Arts, Genf;
Eidg. Fähigkeitszeugnis EFZ (Vollzeitschule);BERUFSFACHSCHULEN;CIFOM EAA École d'arts appliquées;
Berufsmaturität 2;BERUFSFACHSCHULEN;CIFOM EAA École d'arts appliquées;
Diplom HF;HOEHERE_FACHSCHULE;CIFOM EAA École d'arts appliquées;
Berufsvorbereitendes Schuljahr;BRUECKENANGEBOT;École de la transition (EdT);BERUFLICHE_GRUNDBILDUNG
Diplom HF;HOEHERE_FACHSCHULE;École supérieure d'hygiénistes dentaires;
Gymnasiale Maturität (ohne GYM1 im 9. Schuljahr);GYMNASIUM;Collège et Ecole de commerce (CEC) André-Chavanne;
Berufsvorbereitendes Schuljahr;BRUECKENANGEBOT;CsBe - ICT Ausbildungszentrum / Computerschule Bern;BERUFLICHE_GRUNDBILDUNG
Eidg. Fähigkeitszeugnis EFZ (Vollzeitschule);BERUFSFACHSCHULEN;CsBe - ICT Ausbildungszentrum / Computerschule Bern;
Eidg. Fachausweis (Berufsprüfung BP);BERUFSPRUEFUNG;CsBe - ICT Ausbildungszentrum / Computerschule Bern;
Eidg. Fähigkeitszeugnis EFZ (Vollzeitschule);BERUFSFACHSCHULEN;CPNV - Centre professionel du Nord vaudois;
Berufsmaturität 2;BERUFSFACHSCHULEN;CPNV - Centre professionel du Nord vaudois;
Gymnasiale Maturität (ohne GYM1 im 9. Schuljahr);GYMNASIUM;Gymnasium Lerbermatt;
Fachmaturität;FACHMITTELSCHULE;Fachmittelschule FMS Lerbermatt;
Fachmaturität;FACHMITTELSCHULE;Fachmittelschule FMS Neufeld;
Fachmaturität;FACHMITTELSCHULE;Fachmittelschule FMS Thun;
Fachmaturität;FACHMITTELSCHULE;Fachmittelschule Oberaargau;
Gymnasiale Maturität (ohne GYM1 im 9. Schuljahr);GYMNASIUM;Feusi Bildungszentrum, Bern;
Berufsvorbereitendes Schuljahr;BRUECKENANGEBOT;Feusi Bildungszentrum, Bern;BERUFLICHE_GRUNDBILDUNG
Passerelle Berufsmaturität/Fachmaturität – universitäre Hochschulen;BRUECKENANGEBOT;Feusi Bildungszentrum, Bern;HOCHSCHULE
Eidg. Fähigkeitszeugnis EFZ (Vollzeitschule);BERUFSFACHSCHULEN;Feusi Bildungszentrum, Bern;
Berufsmaturität 2;BERUFSFACHSCHULEN;Feusi Bildungszentrum, Bern;
Diplom HF;HOEHERE_FACHSCHULE;Feusi Bildungszentrum, Bern;
Eidg. Fachausweis (Berufsprüfung BP);BERUFSPRUEFUNG;Feusi Bildungszentrum, Bern;
Fachmaturität;FACHMITTELSCHULE;FMS Biel-Seeland;
Gymnasiale Maturität (ohne GYM1 im 9. Schuljahr);GYMNASIUM;Freies Gymnasium Bern;
Eidg. Berufsattest EBA (Vollzeitschule);BERUFSFACHSCHULEN;Gartenbauschule Hünibach;
Eidg. Fähigkeitszeugnis EFZ (Vollzeitschule);BERUFSFACHSCHULEN;Gartenbauschule Hünibach;
Eidg. Fähigkeitszeugnis EFZ (dual Schule-Lehrbetrieb);BERUFSFACHSCHULEN;GIBB Bern;
Berufsmaturität 2;BERUFSFACHSCHULEN;GIBB Bern;
Eidg. Fachausweis (Berufsprüfung BP);BERUFSPRUEFUNG;GIBB Bern;
Diplom HF;HOEHERE_FACHSCHULE;GIBB Bern;
Eidg. Diplom (höhere Fachprüfung HFP);HOEHERE_FACHPRUEFUNG;GIBB Bern;
Gymnasiale Maturität (ohne GYM1 im 9. Schuljahr);GYMNASIUM;Gymnase de Bienne et du Jura bernois;
Eidg. Fähigkeitszeugnis EFZ (Vollzeitschule);BERUFSFACHSCHULEN;Gymnase de Bienne et du Jura bernois;
FMS Ausweis;FACHMITTELSCHULE;Gymnase de Bienne et du Jura bernois;
Eidg. Fähigkeitszeugnis EFZ (Vollzeitschule);BERUFSFACHSCHULEN;Gymnase de Bienne et du Jura bernois;
Gymnasiale Maturität (ohne GYM1 im 9. Schuljahr);GYMNASIUM;Gymnase pour adultes de Chamblandes;
Gymnasiale Maturität (ohne GYM1 im 9. Schuljahr);GYMNASIUM;Gymnasium  Langenthal;
Gymnasiale Maturität (ohne GYM1 im 9. Schuljahr);GYMNASIUM;Gymnasium Biel Seeland;
Berufsmaturität 2;BERUFSFACHSCHULEN;Gymnasium Biel Seeland;
Eidg. Fähigkeitszeugnis EFZ (Vollzeitschule);BERUFSFACHSCHULEN;Gymnasium Biel Seeland;
Gymnasiale Maturität (ohne GYM1 im 9. Schuljahr);GYMNASIUM;Gymnasium Burgdorf;
Gymnasiale Maturität (ohne GYM1 im 9. Schuljahr);GYMNASIUM;Gymnasium Hofwil, M'buchsee;
Gymnasiale Maturität (ohne GYM1 im 9. Schuljahr);GYMNASIUM;Gymnasium Interlaken;
Gymnasiale Maturität (ohne GYM1 im 9. Schuljahr);GYMNASIUM;Gymnasium Kirchenfeld, Bern;
Gymnasiale Maturität (ohne GYM1 im 9. Schuljahr);GYMNASIUM;Gymnasium Neufeld, Bern;
Passerelle Berufsmaturität/Fachmaturität – universitäre Hochschulen;BRUECKENANGEBOT;Gymnasium Neufeld, Bern;HOCHSCHULE
Gymnasiale Maturität (ohne GYM1 im 9. Schuljahr);GYMNASIUM;Gymnasium Oberaargau;
Gymnasiale Maturität (ohne GYM1 im 9. Schuljahr);GYMNASIUM;Gymnasium Thun;
Diplom HF;HOEHERE_FACHSCHULE;HF für Drogisten/Drogistinnen ESD;
Diplom HF;HOEHERE_FACHSCHULE;HF für Technik Mittelland AG (hftm);
Diplom HF;HOEHERE_FACHSCHULE;HF Gesundheit und Soziales HFGS;
Diplom HF;HOEHERE_FACHSCHULE;Höhere Fachschule Bereich Gesundheit Valais-Wallis;
Diplom HF;HOEHERE_FACHSCHULE;Höhere Fachschule Holz Biel;
Eidg. Fachausweis (Berufsprüfung BP);HOEHERE_FACHSCHULE;Höhere Fachschule Holz Biel;
Diplom HF;HOEHERE_FACHSCHULE;Hotelfachschule Thun;
Eidg. Fähigkeitszeugnis EFZ (dual Schule-Lehrbetrieb);BERUFSFACHSCHULEN;INFORAMA Rütti Zollikofen;
Berufsmaturität 2;BERUFSFACHSCHULEN;INFORAMA Rütti Zollikofen;
Diplom HF;HOEHERE_FACHSCHULE;INFORAMA Rütti Zollikofen;
10. Schuljahr;BRUECKENANGEBOT;Invers, Schule für Gestaltung, Bern;
Vorkurs;BRUECKENANGEBOT;Invers, Schule für Gestaltung, Bern;BERUFLICHE_GRUNDBILDUNG
Diplom HF;HOEHERE_FACHSCHULE;IST Höhere Fachschule für Tourismus Zürich;
Berufsvorbereitendes Schuljahr;BRUECKENANGEBOT;JUVESO;BERUFLICHE_GRUNDBILDUNG
Vorlehre;BRUECKENANGEBOT;Kantonale Gartenbauschule Oeschberg;BERUFLICHE_GRUNDBILDUNG
Eidg. Berufsattest EBA (Vollzeitschule);BERUFSFACHSCHULEN;Kantonale Gartenbauschule Oeschberg;
Eidg. Fähigkeitszeugnis EFZ (Vollzeitschule);BERUFSFACHSCHULEN;Kantonale Gartenbauschule Oeschberg;
Diplom HF;HOEHERE_FACHSCHULE;Kantonale Gartenbauschule Oeschberg;
Eidg. Fachausweis (Berufsprüfung BP);BERUFSPRUEFUNG;Kantonale Gartenbauschule Oeschberg;
Eidg. Fähigkeitszeugnis EFZ (Vollzeitschule);BERUFSFACHSCHULEN;Kantonsschule Baden;
Diplom HF;HOEHERE_FACHSCHULE;Lufthansa Aviation Training Switzerland AG;
Diplom HF;HOEHERE_FACHSCHULE;Medi, Zentrum für medizinische Bildung;
Propädeutikum;BRUECKENANGEBOT;Schule für Gestaltung Bern und Biel;BERUFLICHE_GRUNDBILDUNG
Vorkurs;BRUECKENANGEBOT;Schule für Gestaltung Bern und Biel;BERUFLICHE_GRUNDBILDUNG
Eidg. Fähigkeitszeugnis EFZ (Vollzeitschule);BERUFSFACHSCHULEN;Schule für Gestaltung Bern und Biel;
Eidg. Fähigkeitszeugnis EFZ (dual Schule-Lehrbetrieb);BERUFSFACHSCHULEN;Schule für Gestaltung Bern und Biel;
Diplom HF;HOEHERE_FACHSCHULE;Schule für Gestaltung Bern und Biel;
Eidg. Diplom (höhere Fachprüfung HFP);HOEHERE_FACHPRUEFUNG;Schule für Gestaltung Bern und Biel;
Berufsvorbereitendes Schuljahr;BRUECKENANGEBOT;Minerva Schulen Bern;
Eidg. Fähigkeitszeugnis EFZ (Vollzeitschule);BERUFSFACHSCHULEN;Minerva Schulen Bern;
Berufsmaturität 2;BERUFSFACHSCHULEN;Minerva Schulen Bern;
Propädeutikum;BRUECKENANGEBOT;Neue Schule für Gestaltung Bern Campus Muristalden;BERUFLICHE_GRUNDBILDUNG
Vorkurs;BRUECKENANGEBOT;Neue Schule für Gestaltung Bern Campus Muristalden;BERUFLICHE_GRUNDBILDUNG
Gymnasiale Maturität (ohne GYM1 im 9. Schuljahr);GYMNASIUM;NMS Bern;
Berufsvorbereitendes Schuljahr;BRUECKENANGEBOT;NOSS Berufsbildungszentrum;BERUFLICHE_GRUNDBILDUNG
Eidg. Fähigkeitszeugnis EFZ (Vollzeitschule);BERUFSFACHSCHULEN;NOSS Berufsbildungszentrum;
Eidg. Fähigkeitszeugnis EFZ (Vollzeitschule);BERUFSFACHSCHULEN;Schule Holzbildhauerei Brienz;
Diplom HF;HOEHERE_FACHSCHULE;Schweizerische Hotelfachschule Luzern SHL;
Diplom HF;HOEHERE_FACHSCHULE;Scuola specializzata superiore in cure infermieristiche (SSSCI);
Eidg. Fachausweis (Berufsprüfung BP);BERUFSPRUEFUNG;STS Schweizerische Treuhänder Schule Bern;
Vorlehre;BRUECKENANGEBOT;Technische Fachschule Bern;BERUFLICHE_GRUNDBILDUNG
Eidg. Berufsattest EBA (Vollzeitschule);BERUFSFACHSCHULEN;Technische Fachschule Bern;
Eidg. Fähigkeitszeugnis EFZ (Vollzeitschule);BERUFSFACHSCHULEN;Technische Fachschule Bern;
Diplom HF;HOEHERE_FACHSCHULE;Technische Fachschule Bern;
Eidg. Fachausweis (Berufsprüfung BP);BERUFSPRUEFUNG;Technische Fachschule Bern;
Vorbereitungskurs;BRUECKENANGEBOT;Universität Freiburg;HOCHSCHULE
Eidg. Fähigkeitszeugnis EFZ (Vollzeitschule);BERUFSFACHSCHULEN;Wirtschaftsmittelschule Neuenstadt;
Berufsmaturität 2;BERUFSFACHSCHULEN;Wirtschaftsmittelschule WMS Biel;
Eidg. Fähigkeitszeugnis EFZ (Vollzeitschule);BERUFSFACHSCHULEN;Wirtschaftsmittelschule WMS Biel;
Berufsvorbereitendes Schuljahr;BRUECKENANGEBOT;WKS Bern;BERUFLICHE_GRUNDBILDUNG
Passerelle Berufsmaturität/Fachmaturität – universitäre Hochschulen;BRUECKENANGEBOT;WKS Bern;HOCHSCHULE
Eidg. Fähigkeitszeugnis EFZ (Vollzeitschule);BERUFSFACHSCHULEN;WKS Bern;
Eidg. Fähigkeitszeugnis EFZ (dual Schule-Lehrbetrieb);BERUFSFACHSCHULEN;WKS Bern;
Eidg. Berufsattest EBA (dual Schule-Lehrbetrieb);BERUFSFACHSCHULEN;WKS Bern;
Berufsmaturität 2;BERUFSFACHSCHULEN;WKS Bern;
Diplom HF;HOEHERE_FACHSCHULE;WKS Bern;
Eidg. Fachausweis (Berufsprüfung BP);BERUFSPRUEFUNG;WKS Bern;
Eidg. Diplom (höhere Fachprüfung HFP);HOEHERE_FACHPRUEFUNG;WKS Bern;
Diplom HF;HOEHERE_FACHSCHULE;ESsanté - École supérieure de la santé;
Diplom HF;HOEHERE_FACHSCHULE;Ecole supérieur technique Mittelland;
Eidg. Fähigkeitszeugnis EFZ (dual Schule-Lehrbetrieb);BERUFSFACHSCHULEN;CPNE Centre de formation prof. neuchâtelois;
Berufsmaturität 2;BERUFSFACHSCHULEN;CPNE Centre de formation prof. neuchâtelois;
Diplom HF;HOEHERE_FACHSCHULE;CPNE Centre de formation prof. neuchâtelois;
Eidg. Fachausweis (Berufsprüfung BP);BERUFSPRUEFUNG;CPNE Centre de formation prof. neuchâtelois;
